run_id	commit	candidate	screen_score	validation_score	quality_score	loop_incidence	truncation_rate	reasoning_efficiency_penalty	empty_answer_rate	status	boss_tokens	estimated_cost_usd	cumulative_cost_usd	decoding_config	description
baseline-20260714T150407Z	baseline	baseline	0.433550	0.423629		1.000000	0.500000	0.862301	0.500000	baseline	0	0.000000	1.244146	"{""min_p"": 0.0, ""temperature"": 1.0, ""top_k"": 20, ""top_p"": 0.95}"	decoding baseline 5910cd2fecd2
algorithm-20260714T150622Z		trial-0001	0.322054	0.617848	0.000	1.000000	1.000000	1.000000	1.000000	discard	0	0.000000	1.244146	"{""min_p"": 0.09, ""temperature"": 0.7, ""top_k"": 80, ""top_p"": 0.825}"	TPE trial; validation improvement -0.194219; bootstrap upper 0.288671; constraints=[0.5, 0.5, 0.5]
algorithm-20260714T150622Z		trial-0002	0.396296	0.362122	0.500	0.750000	0.500000	0.779164	0.500000	discard	0	0.000000	1.244146	"{""min_p"": 0.09, ""temperature"": 1.15, ""top_k"": 15, ""top_p"": 0.85}"	TPE trial; validation improvement 0.061507; bootstrap upper 0.006345; constraints=[0.0, 0.0, 0.0]
algorithm-20260714T151033Z		trial-0003	0.322054							duplicate	0	0.000000	1.244146	"{""min_p"": 0.09, ""temperature"": 0.7, ""top_k"": 80, ""top_p"": 0.825}"	Optuna duplicate of trial 1
algorithm-20260714T151033Z		trial-0004	0.396296							duplicate	0	0.000000	1.244146	"{""min_p"": 0.09, ""temperature"": 1.15, ""top_k"": 15, ""top_p"": 0.85}"	Optuna duplicate of trial 2
algorithm-20260714T151033Z		trial-0005	0.425893		0.000	0.750000	1.000000	1.000000	1.000000	screen_discard	0	0.000000	1.244146	"{""min_p"": 0.12, ""temperature"": 1.3, ""top_k"": 60, ""top_p"": 0.9249999999999999}"	TPE trial; screen improvement 1.77%; constraints=[0.25, 0.25, 0.25]
algorithm-20260714T151207Z		trial-0007	0.532018		0.000	1.000000	1.000000	1.000000	1.000000	screen_discard	0	0.000000	1.244146	"{""min_p"": 0.15, ""temperature"": 0.65, ""top_k"": 40, ""top_p"": 0.7}"	TPE trial; screen improvement -22.71%; constraints=[0.25, 0.25, 0.25]
algorithm-20260714T151207Z		trial-0008	0.487320		0.250	1.000000	0.750000	0.967103	0.750000	screen_discard	0	0.000000	1.244146	"{""min_p"": 0.05, ""temperature"": 0.5, ""top_k"": 55, ""top_p"": 0.875}"	TPE trial; screen improvement -12.40%; constraints=[0.0, 0.0, 0.0]
algorithm-20260714T151207Z		trial-0009	0.475282		0.000	1.000000	1.000000	1.000000	1.000000	screen_discard	0	0.000000	1.244146	"{""min_p"": 0.03, ""temperature"": 0.75, ""top_k"": 95, ""top_p"": 0.825}"	TPE trial; screen improvement -9.63%; constraints=[0.25, 0.25, 0.25]
algorithm-20260714T151207Z		trial-0010	0.427510		0.000	0.750000	1.000000	1.000000	1.000000	screen_discard	0	0.000000	1.244146	"{""min_p"": 0.02, ""temperature"": 1.3, ""top_k"": 100, ""top_p"": 0.825}"	TPE trial; screen improvement 1.39%; constraints=[0.25, 0.25, 0.25]
algorithm-20260714T151207Z		trial-0011	0.340380	0.491345	0.250	1.000000	0.750000	0.872634	0.750000	discard	0	0.000000	1.244146	"{""min_p"": 0.0, ""temperature"": 0.9, ""top_k"": 100, ""top_p"": 0.875}"	TPE trial; validation improvement -0.067716; bootstrap upper 0.120798; constraints=[0.25, 0.25, 0.25]
algorithm-20260714T151207Z		trial-0012	0.382574	0.502983	0.250	1.000000	0.750000	0.883865	0.750000	discard	0	0.000000	1.244146	"{""min_p"": 0.02, ""temperature"": 1.05, ""top_k"": 30, ""top_p"": 0.7}"	TPE trial; validation improvement -0.079354; bootstrap upper 0.133847; constraints=[0.25, 0.25, 0.25]
algorithm-20260714T151207Z		trial-0014	0.444150		0.000	0.750000	1.000000	1.000000	1.000000	screen_discard	0	0.000000	1.244146	"{""min_p"": 0.07, ""temperature"": 1.4, ""top_k"": 5, ""top_p"": 0.875}"	TPE trial; screen improvement -2.45%; constraints=[0.25, 0.25, 0.25]
algorithm-20260714T151207Z		trial-0013	0.389139	0.494443	0.250	1.000000	0.750000	0.964063	0.750000	discard	0	0.000000	1.244146	"{""min_p"": 0.1, ""temperature"": 1.25, ""top_k"": 5, ""top_p"": 0.8999999999999999}"	TPE trial; validation improvement -0.070814; bootstrap upper 0.133651; constraints=[0.25, 0.25, 0.25]
algorithm-20260714T151207Z		trial-0015	0.496837		0.250	1.000000	0.750000	0.919579	0.750000	screen_discard	0	0.000000	1.244146	"{""min_p"": 0.1, ""temperature"": 1.15, ""top_k"": 35, ""top_p"": 0.7749999999999999}"	TPE trial; screen improvement -14.60%; constraints=[0.0, 0.0, 0.0]
algorithm-20260714T151207Z		trial-0017	0.462299		0.250	1.000000	0.750000	0.943319	0.750000	screen_discard	0	0.000000	1.244146	"{""min_p"": 0.1, ""temperature"": 0.8500000000000001, ""top_k"": 25, ""top_p"": 0.975}"	TPE trial; screen improvement -6.63%; constraints=[0.0, 0.0, 0.0]
algorithm-20260714T151207Z		trial-0016	0.318077	0.456814	0.250	1.000000	0.500000	0.846429	0.500000	discard	0	0.000000	1.244146	"{""min_p"": 0.14, ""temperature"": 0.8, ""top_k"": 20, ""top_p"": 0.875}"	TPE trial; validation improvement -0.033185; bootstrap upper 0.051215; constraints=[0.25, 0.0, 0.0]
algorithm-20260714T151207Z		trial-0019	0.493741		0.000	1.000000	1.000000	1.000000	1.000000	screen_discard	0	0.000000	1.244146	"{""min_p"": 0.2, ""temperature"": 1.2000000000000002, ""top_k"": 20, ""top_p"": 0.7999999999999999}"	TPE trial; screen improvement -13.88%; constraints=[0.25, 0.25, 0.25]
algorithm-20260714T151207Z		trial-0018	0.318120	0.398247	0.250	0.750000	0.750000	0.911708	0.750000	discard	0	0.000000	1.244146	"{""min_p"": 0.18, ""temperature"": 1.15, ""top_k"": 45, ""top_p"": 0.7999999999999999}"	TPE trial; validation improvement 0.025382; bootstrap upper 0.075648; constraints=[0.25, 0.25, 0.25]
algorithm-20260714T151207Z		trial-0020	0.388495		0.000	0.500000	1.000000	1.000000	1.000000	screen_discard	0	0.000000	1.244146	"{""min_p"": 0.01, ""temperature"": 1.3, ""top_k"": 35, ""top_p"": 0.85}"	TPE trial; screen improvement 10.39%; constraints=[0.25, 0.25, 0.25]
algorithm-20260714T151207Z		trial-0021	0.433354		0.250	0.750000	0.750000	0.911761	0.750000	screen_discard	0	0.000000	1.244146	"{""min_p"": 0.05, ""temperature"": 0.95, ""top_k"": 5, ""top_p"": 0.7999999999999999}"	TPE trial; screen improvement 0.05%; constraints=[0.0, 0.0, 0.0]
algorithm-20260714T151207Z		trial-0022	0.342554	0.334963	0.250	0.500000	0.750000	0.797809	0.750000	discard	0	0.000000	1.244146	"{""min_p"": 0.04, ""temperature"": 1.05, ""top_k"": 10, ""top_p"": 0.85}"	TPE trial; validation improvement 0.088666; bootstrap upper 0.038898; constraints=[0.25, 0.25, 0.25]
algorithm-20260714T151207Z		trial-0023	0.400920	0.469339	0.250	0.750000	0.750000	0.805355	0.750000	discard	0	0.000000	1.244146	"{""min_p"": 0.0, ""temperature"": 0.9, ""top_k"": 5, ""top_p"": 0.825}"	TPE trial; validation improvement -0.045710; bootstrap upper 0.180719; constraints=[0.25, 0.25, 0.25]
algorithm-20260714T151207Z		trial-0025	0.418297		0.250	0.750000	0.750000	0.912073	0.750000	screen_discard	0	0.000000	1.244146	"{""min_p"": 0.07, ""temperature"": 0.8500000000000001, ""top_k"": 15, ""top_p"": 0.75}"	TPE trial; screen improvement 3.52%; constraints=[0.0, 0.0, 0.0]
algorithm-20260714T151207Z		trial-0024	0.338919	0.566264	0.250	1.000000	0.750000	0.917937	0.750000	discard	0	0.000000	1.244146	"{""min_p"": 0.08, ""temperature"": 0.8500000000000001, ""top_k"": 5, ""top_p"": 0.7749999999999999}"	TPE trial; validation improvement -0.142635; bootstrap upper 0.189796; constraints=[0.25, 0.25, 0.25]
algorithm-20260714T151207Z		trial-0026	0.531997		0.000	1.000000	1.000000	1.000000	1.000000	screen_discard	0	0.000000	1.244146	"{""min_p"": 0.09, ""temperature"": 0.75, ""top_k"": 10, ""top_p"": 0.7}"	TPE trial; screen improvement -22.71%; constraints=[0.25, 0.25, 0.25]
algorithm-20260714T151207Z		trial-0027	0.512628		0.000	1.000000	1.000000	1.000000	1.000000	screen_discard	0	0.000000	1.244146	"{""min_p"": 0.08, ""temperature"": 0.5, ""top_k"": 20, ""top_p"": 0.7749999999999999}"	TPE trial; screen improvement -18.24%; constraints=[0.25, 0.25, 0.25]
algorithm-20260714T151207Z		trial-0028	0.489170		0.000	1.000000	1.000000	1.000000	1.000000	screen_discard	0	0.000000	1.244146	"{""min_p"": 0.12, ""temperature"": 1.25, ""top_k"": 15, ""top_p"": 0.7749999999999999}"	TPE trial; screen improvement -12.83%; constraints=[0.25, 0.25, 0.25]
algorithm-20260714T151207Z		trial-0029	0.514046		0.000	1.000000	1.000000	1.000000	1.000000	screen_discard	0	0.000000	1.244146	"{""min_p"": 0.17, ""temperature"": 0.8500000000000001, ""top_k"": 65, ""top_p"": 0.9249999999999999}"	TPE trial; screen improvement -18.57%; constraints=[0.25, 0.25, 0.25]
algorithm-20260714T151207Z		trial-0031	0.375368		0.000	0.500000	1.000000	1.000000	1.000000	screen_discard	0	0.000000	1.244146	"{""min_p"": 0.07, ""temperature"": 1.5, ""top_k"": 35, ""top_p"": 1.0}"	TPE trial; screen improvement 13.42%; constraints=[0.25, 0.25, 0.25]
algorithm-20260714T151207Z		trial-0030	0.309889	0.432968	0.250	0.750000	0.750000	0.972917	0.750000	discard	0	0.000000	1.244146	"{""min_p"": 0.11, ""temperature"": 1.0, ""top_k"": 30, ""top_p"": 0.85}"	TPE trial; validation improvement -0.009339; bootstrap upper 0.169911; constraints=[0.25, 0.25, 0.25]
algorithm-20260714T151207Z		trial-0032	0.366266	0.512082	0.250	1.000000	0.750000	0.901079	0.750000	discard	0	0.000000	1.244146	"{""min_p"": 0.02, ""temperature"": 0.7, ""top_k"": 5, ""top_p"": 1.0}"	TPE trial; validation improvement -0.088453; bootstrap upper 0.142081; constraints=[0.25, 0.25, 0.25]
algorithm-20260714T151207Z		trial-0033	0.270677	0.393742	0.250	0.750000	0.750000	0.792057	0.750000	discard	0	0.000000	1.244146	"{""min_p"": 0.06, ""temperature"": 1.1, ""top_k"": 15, ""top_p"": 0.7749999999999999}"	TPE trial; validation improvement 0.029886; bootstrap upper 0.076696; constraints=[0.25, 0.25, 0.25]
algorithm-20260714T151207Z		trial-0035	0.532041		0.000	1.000000	1.000000	1.000000	1.000000	screen_discard	0	0.000000	1.244146	"{""min_p"": 0.02, ""temperature"": 0.65, ""top_k"": 40, ""top_p"": 0.725}"	TPE trial; screen improvement -22.72%; constraints=[0.25, 0.25, 0.25]
algorithm-20260714T151207Z		trial-0034	0.288255	0.591798	0.000	1.000000	1.000000	1.000000	1.000000	discard	0	0.000000	1.244146	"{""min_p"": 0.06, ""temperature"": 1.0, ""top_k"": 5, ""top_p"": 0.825}"	TPE trial; validation improvement -0.168169; bootstrap upper 0.297036; constraints=[0.5, 0.5, 0.5]
algorithm-20260714T151207Z		trial-0036	0.485277		0.250	1.000000	0.750000	0.952124	0.750000	screen_discard	0	0.000000	1.244146	"{""min_p"": 0.2, ""temperature"": 0.95, ""top_k"": 85, ""top_p"": 0.75}"	TPE trial; screen improvement -11.93%; constraints=[0.0, 0.0, 0.0]
algorithm-20260714T151207Z		trial-0038	0.502451		0.000	1.000000	1.000000	1.000000	1.000000	screen_discard	0	0.000000	1.244146	"{""min_p"": 0.07, ""temperature"": 1.25, ""top_k"": 30, ""top_p"": 0.85}"	TPE trial; screen improvement -15.89%; constraints=[0.25, 0.25, 0.25]
algorithm-20260714T151207Z		trial-0037	0.331445	0.489955	0.250	1.000000	0.750000	0.964920	0.750000	discard	0	0.000000	1.244146	"{""min_p"": 0.2, ""temperature"": 1.25, ""top_k"": 85, ""top_p"": 0.725}"	TPE trial; validation improvement -0.066326; bootstrap upper 0.097848; constraints=[0.25, 0.25, 0.25]
algorithm-20260714T151207Z		trial-0039	0.518310		0.000	1.000000	1.000000	1.000000	1.000000	screen_discard	0	0.000000	1.244146	"{""min_p"": 0.1, ""temperature"": 1.0, ""top_k"": 10, ""top_p"": 0.85}"	TPE trial; screen improvement -19.55%; constraints=[0.25, 0.25, 0.25]
algorithm-20260714T151207Z		trial-0041	0.510297		0.000	1.000000	1.000000	1.000000	1.000000	screen_discard	0	0.000000	1.244146	"{""min_p"": 0.18, ""temperature"": 1.3, ""top_k"": 95, ""top_p"": 0.875}"	TPE trial; screen improvement -17.70%; constraints=[0.25, 0.25, 0.25]
algorithm-20260714T151207Z		trial-0040	0.303197	0.524051	0.250	1.000000	0.750000	0.866294	0.750000	discard	0	0.000000	1.244146	"{""min_p"": 0.05, ""temperature"": 0.9, ""top_k"": 20, ""top_p"": 0.7749999999999999}"	TPE trial; validation improvement -0.100422; bootstrap upper 0.150436; constraints=[0.25, 0.25, 0.25]
algorithm-20260714T151207Z		trial-0042	0.486813		0.000	1.000000	1.000000	1.000000	1.000000	screen_discard	0	0.000000	1.244146	"{""min_p"": 0.07, ""temperature"": 0.9, ""top_k"": 30, ""top_p"": 0.75}"	TPE trial; screen improvement -12.29%; constraints=[0.25, 0.25, 0.25]
algorithm-20260714T155716Z		trial-0046	0.511982		0.000	1.000000	1.000000	1.000000	1.000000	screen_discard	0	0.000000	1.244146	"{""min_p"": 0.06, ""temperature"": 0.95, ""top_k"": 35, ""top_p"": 0.8999999999999999}"	TPE trial; screen improvement -18.09%; constraints=[0.25, 0.25, 0.25]
algorithm-20260714T155716Z		trial-0047	0.312513	0.378693	0.250	0.750000	0.750000	0.803787	0.750000	discard	0	0.000000	1.244146	"{""min_p"": 0.04, ""temperature"": 1.05, ""top_k"": 15, ""top_p"": 0.975}"	TPE trial; validation improvement 0.044936; bootstrap upper 0.050692; constraints=[0.25, 0.25, 0.25]
algorithm-20260714T155716Z		trial-0048	0.380754		0.000	0.500000	1.000000	1.000000	1.000000	screen_discard	0	0.000000	1.244146	"{""min_p"": 0.04, ""temperature"": 1.05, ""top_k"": 60, ""top_p"": 1.0}"	TPE trial; screen improvement 12.18%; constraints=[0.25, 0.25, 0.25]
algorithm-20260714T155716Z		trial-0049	0.404917	0.431509	0.250	1.000000	0.750000	0.833213	0.750000	discard	0	0.000000	1.244146	"{""min_p"": 0.0, ""temperature"": 1.0, ""top_k"": 25, ""top_p"": 0.975}"	TPE trial; validation improvement -0.007881; bootstrap upper 0.038798; constraints=[0.25, 0.25, 0.25]
algorithm-20260714T155716Z		trial-0050	0.220085	0.476606	0.000	0.750000	1.000000	1.000000	1.000000	discard	0	0.000000	1.244146	"{""min_p"": 0.0, ""temperature"": 0.8500000000000001, ""top_k"": 25, ""top_p"": 0.9249999999999999}"	TPE trial; validation improvement -0.052977; bootstrap upper 0.191734; constraints=[0.5, 0.5, 0.5]
algorithm-20260714T155716Z		trial-0051	0.485823		0.250	1.000000	0.750000	0.904591	0.750000	screen_discard	0	0.000000	1.244146	"{""min_p"": 0.01, ""temperature"": 0.65, ""top_k"": 10, ""top_p"": 0.7}"	TPE trial; screen improvement -12.06%; constraints=[0.0, 0.0, 0.0]
algorithm-20260714T155716Z		trial-0052	0.478776		0.000	1.000000	1.000000	1.000000	1.000000	screen_discard	0	0.000000	1.244146	"{""min_p"": 0.15, ""temperature"": 1.3, ""top_k"": 40, ""top_p"": 0.9249999999999999}"	TPE trial; screen improvement -10.43%; constraints=[0.25, 0.25, 0.25]
algorithm-20260714T155716Z		trial-0053	0.318319	0.416717	0.000	0.750000	1.000000	1.000000	1.000000	discard	0	0.000000	1.244146	"{""min_p"": 0.12, ""temperature"": 1.5, ""top_k"": 25, ""top_p"": 0.825}"	TPE trial; validation improvement 0.006912; bootstrap upper 0.085246; constraints=[0.5, 0.5, 0.5]
algorithm-20260714T155716Z		trial-0054	0.263303	0.379110	0.250	0.750000	0.750000	0.783279	0.750000	discard	0	0.000000	1.244146	"{""min_p"": 0.1, ""temperature"": 1.1, ""top_k"": 15, ""top_p"": 0.975}"	TPE trial; validation improvement 0.044519; bootstrap upper 0.052906; constraints=[0.25, 0.25, 0.25]
algorithm-20260714T155716Z		trial-0055	0.250283	0.485762	0.250	1.000000	0.500000	0.846584	0.500000	discard	0	0.000000	1.244146	"{""min_p"": 0.11, ""temperature"": 0.8, ""top_k"": 40, ""top_p"": 1.0}"	TPE trial; validation improvement -0.062133; bootstrap upper 0.096707; constraints=[0.25, 0.0, 0.0]
algorithm-20260714T155716Z		trial-0056	0.459674		0.000	0.750000	1.000000	1.000000	1.000000	screen_discard	0	0.000000	1.244146	"{""min_p"": 0.08, ""temperature"": 0.6, ""top_k"": 25, ""top_p"": 0.95}"	TPE trial; screen improvement -6.03%; constraints=[0.25, 0.25, 0.25]
algorithm-20260714T155716Z		trial-0057	0.345199	0.358233	0.250	0.500000	0.750000	0.923428	0.750000	discard	0	0.000000	1.244146	"{""min_p"": 0.12, ""temperature"": 1.25, ""top_k"": 15, ""top_p"": 0.875}"	TPE trial; validation improvement 0.065396; bootstrap upper 0.099639; constraints=[0.25, 0.25, 0.25]
algorithm-20260714T155716Z		trial-0058	0.409246	0.630414	0.000	1.000000	1.000000	1.000000	1.000000	discard	0	0.000000	1.244146	"{""min_p"": 0.03, ""temperature"": 0.65, ""top_k"": 10, ""top_p"": 0.825}"	TPE trial; validation improvement -0.206785; bootstrap upper 0.321505; constraints=[0.5, 0.5, 0.5]
algorithm-20260714T155716Z		trial-0059	0.413907		0.250	0.750000	0.750000	0.945952	0.750000	screen_discard	0	0.000000	1.244146	"{""min_p"": 0.0, ""temperature"": 1.3, ""top_k"": 15, ""top_p"": 0.95}"	TPE trial; screen improvement 4.53%; constraints=[0.0, 0.0, 0.0]
algorithm-20260714T155716Z		trial-0060	0.375817		0.000	0.500000	1.000000	1.000000	1.000000	screen_discard	0	0.000000	1.244146	"{""min_p"": 0.02, ""temperature"": 1.35, ""top_k"": 25, ""top_p"": 0.95}"	TPE trial; screen improvement 13.32%; constraints=[0.25, 0.25, 0.25]
algorithm-20260714T155716Z		trial-0061	0.497951		0.000	1.000000	1.000000	1.000000	1.000000	screen_discard	0	0.000000	1.244146	"{""min_p"": 0.0, ""temperature"": 1.35, ""top_k"": 25, ""top_p"": 0.95}"	TPE trial; screen improvement -14.85%; constraints=[0.25, 0.25, 0.25]
algorithm-20260714T155716Z		trial-0062	0.464365		0.250	1.000000	0.750000	0.918285	0.750000	screen_discard	0	0.000000	1.244146	"{""min_p"": 0.01, ""temperature"": 1.35, ""top_k"": 5, ""top_p"": 0.8999999999999999}"	TPE trial; screen improvement -7.11%; constraints=[0.0, 0.0, 0.0]
algorithm-20260714T155716Z		trial-0063	0.508000		0.000	1.000000	1.000000	1.000000	1.000000	screen_discard	0	0.000000	1.244146	"{""min_p"": 0.1, ""temperature"": 1.2000000000000002, ""top_k"": 80, ""top_p"": 0.75}"	TPE trial; screen improvement -17.17%; constraints=[0.25, 0.25, 0.25]
algorithm-20260714T155716Z		trial-0064	0.429714		0.000	0.750000	1.000000	1.000000	1.000000	screen_discard	0	0.000000	1.244146	"{""min_p"": 0.0, ""temperature"": 1.2000000000000002, ""top_k"": 25, ""top_p"": 1.0}"	TPE trial; screen improvement 0.88%; constraints=[0.25, 0.25, 0.25]
algorithm-20260714T155716Z		trial-0065	0.494349		0.000	0.750000	1.000000	1.000000	1.000000	screen_discard	0	0.000000	1.244146	"{""min_p"": 0.13, ""temperature"": 0.6, ""top_k"": 5, ""top_p"": 1.0}"	TPE trial; screen improvement -14.02%; constraints=[0.25, 0.25, 0.25]
algorithm-20260714T155716Z		trial-0066	0.404620	0.421980	0.250	0.750000	0.750000	0.793895	0.750000	discard	0	0.000000	1.244146	"{""min_p"": 0.0, ""temperature"": 1.4, ""top_k"": 5, ""top_p"": 0.725}"	TPE trial; validation improvement 0.001648; bootstrap upper 0.117502; constraints=[0.25, 0.25, 0.25]
algorithm-20260714T155716Z		trial-0067	0.344369	0.338844	0.250	0.500000	0.750000	0.973101	0.750000	discard	0	0.000000	1.244146	"{""min_p"": 0.0, ""temperature"": 1.25, ""top_k"": 5, ""top_p"": 0.95}"	TPE trial; validation improvement 0.084785; bootstrap upper 0.077021; constraints=[0.25, 0.25, 0.25]
algorithm-20260714T155716Z		trial-0068	0.436014		0.000	0.750000	1.000000	1.000000	1.000000	screen_discard	0	0.000000	1.244146	"{""min_p"": 0.08, ""temperature"": 0.95, ""top_k"": 25, ""top_p"": 0.95}"	TPE trial; screen improvement -0.57%; constraints=[0.25, 0.25, 0.25]
algorithm-20260714T155716Z		trial-0069	0.457033		0.000	0.750000	1.000000	1.000000	1.000000	screen_discard	0	0.000000	1.244146	"{""min_p"": 0.1, ""temperature"": 1.15, ""top_k"": 95, ""top_p"": 0.975}"	TPE trial; screen improvement -5.42%; constraints=[0.25, 0.25, 0.25]
algorithm-20260714T155716Z		trial-0070	0.529593		0.000	1.000000	1.000000	1.000000	1.000000	screen_discard	0	0.000000	1.244146	"{""min_p"": 0.07, ""temperature"": 1.2000000000000002, ""top_k"": 5, ""top_p"": 0.85}"	TPE trial; screen improvement -22.15%; constraints=[0.25, 0.25, 0.25]
algorithm-20260714T155716Z		trial-0071	0.485482		0.000	1.000000	1.000000	1.000000	1.000000	screen_discard	0	0.000000	1.244146	"{""min_p"": 0.12, ""temperature"": 0.8500000000000001, ""top_k"": 20, ""top_p"": 0.95}"	TPE trial; screen improvement -11.98%; constraints=[0.25, 0.25, 0.25]
algorithm-20260714T155716Z		trial-0072	0.487674		0.250	1.000000	0.750000	0.943339	0.750000	screen_discard	0	0.000000	1.244146	"{""min_p"": 0.03, ""temperature"": 0.55, ""top_k"": 100, ""top_p"": 0.7}"	TPE trial; screen improvement -12.48%; constraints=[0.0, 0.0, 0.0]
